{
  "__type__": "cc.SpriteFrame",
  "content": {
    "name": "Dusk Jumper run_down",
    "atlas": "",
    "rect": {
      "x": 86,
      "y": 77,
      "width": 1365,
      "height": 29
    },
    "offset": {
      "x": 0.5,
      "y": 4.5
    },
    "originalSize": {
      "width": 1536,
      "height": 192
    },
    "rotated": false,
    "capInsets": [
      0,
      0,
      0,
      0
    ],
    "vertices": {
      "rawPosition": [
        -682.5,
        -14.5,
        0,
        682.5,
        -14.5,
        0,
        -682.5,
        14.5,
        0,
        682.5,
        14.5,
        0
      ],
      "indexes": [
        0,
        1,
        2,
        2,
        1,
        3
      ],
      "uv": [
        86,
        115,
        1451,
        115,
        86,
        86,
        1451,
        86
      ],
      "nuv": [
        0.055989583333333336,
        0.4479166666666667,
        0.9446614583333334,
        0.4479166666666667,
        0.055989583333333336,
        0.5989583333333334,
        0.9446614583333334,
        0.5989583333333334
      ],
      "minPos": {
        "x": -682.5,
        "y": -14.5,
        "z": 0
      },
      "maxPos": {
        "x": 682.5,
        "y": 14.5,
        "z": 0
      }
    },
    "texture": "da4c0a49-279a-41c6-8b49-d03a95f607fd@6c48a",
    "packable": true,
    "pixelsToUnit": 100,
    "pivot": {
      "x": 0.5,
      "y": 0.5
    },
    "meshType": 0
  }
}