{
  "__type__": "cc.SpriteFrame",
  "content": {
    "name": "Dusk Jumper jump",
    "atlas": "",
    "rect": {
      "x": 85,
      "y": 28,
      "width": 2314,
      "height": 78
    },
    "offset": {
      "x": -6,
      "y": 29
    },
    "originalSize": {
      "width": 2496,
      "height": 192
    },
    "rotated": false,
    "capInsets": [
      0,
      0,
      0,
      0
    ],
    "vertices": {
      "rawPosition": [
        -1157,
        -39,
        0,
        1157,
        -39,
        0,
        -1157,
        39,
        0,
        1157,
        39,
        0
      ],
      "indexes": [
        0,
        1,
        2,
        2,
        1,
        3
      ],
      "uv": [
        85,
        164,
        2399,
        164,
        85,
        86,
        2399,
        86
      ],
      "nuv": [
        0.034054487179487176,
        0.4479166666666667,
        0.9611378205128205,
        0.4479166666666667,
        0.034054487179487176,
        0.8541666666666666,
        0.9611378205128205,
        0.8541666666666666
      ],
      "minPos": {
        "x": -1157,
        "y": -39,
        "z": 0
      },
      "maxPos": {
        "x": 1157,
        "y": 39,
        "z": 0
      }
    },
    "texture": "59ba1d4f-9360-461c-bcc3-b40f9d58c83b@6c48a",
    "packable": true,
    "pixelsToUnit": 100,
    "pivot": {
      "x": 0.5,
      "y": 0.5
    },
    "meshType": 0
  }
}