{
  "__type__": "cc.SpriteFrame",
  "content": {
    "name": "Dusk Jumper Throw_down",
    "atlas": "",
    "rect": {
      "x": 85,
      "y": 75,
      "width": 1558,
      "height": 58
    },
    "offset": {
      "x": 0,
      "y": -8
    },
    "originalSize": {
      "width": 1728,
      "height": 192
    },
    "rotated": false,
    "capInsets": [
      0,
      0,
      0,
      0
    ],
    "vertices": {
      "rawPosition": [
        -779,
        -29,
        0,
        779,
        -29,
        0,
        -779,
        29,
        0,
        779,
        29,
        0
      ],
      "indexes": [
        0,
        1,
        2,
        2,
        1,
        3
      ],
      "uv": [
        85,
        117,
        1643,
        117,
        85,
        59,
        1643,
        59
      ],
      "nuv": [
        0.04918981481481482,
        0.3072916666666667,
        0.9508101851851852,
        0.3072916666666667,
        0.04918981481481482,
        0.609375,
        0.9508101851851852,
        0.609375
      ],
      "minPos": {
        "x": -779,
        "y": -29,
        "z": 0
      },
      "maxPos": {
        "x": 779,
        "y": 29,
        "z": 0
      }
    },
    "texture": "3f8c5f03-ab1e-42d7-84df-8f7b826031cc@6c48a",
    "packable": true,
    "pixelsToUnit": 100,
    "pivot": {
      "x": 0.5,
      "y": 0.5
    },
    "meshType": 0
  }
}