{
  "__type__": "cc.SpriteFrame",
  "content": {
    "name": "Player_up",
    "atlas": "",
    "rect": {
      "x": 9,
      "y": 5,
      "width": 237,
      "height": 24
    },
    "offset": {
      "x": -0.5,
      "y": -1
    },
    "originalSize": {
      "width": 256,
      "height": 32
    },
    "rotated": false,
    "capInsets": [
      0,
      0,
      0,
      0
    ],
    "vertices": {
      "rawPosition": [
        -118.5,
        -12,
        0,
        118.5,
        -12,
        0,
        -118.5,
        12,
        0,
        118.5,
        12,
        0
      ],
      "indexes": [
        0,
        1,
        2,
        2,
        1,
        3
      ],
      "uv": [
        9,
        27,
        246,
        27,
        9,
        3,
        246,
        3
      ],
      "nuv": [
        0.03515625,
        0.09375,
        0.9609375,
        0.09375,
        0.03515625,
        0.84375,
        0.9609375,
        0.84375
      ],
      "minPos": {
        "x": -118.5,
        "y": -12,
        "z": 0
      },
      "maxPos": {
        "x": 118.5,
        "y": 12,
        "z": 0
      }
    },
    "texture": "ec45a93b-401c-412b-8492-d72fcbb794f8@6c48a",
    "packable": true,
    "pixelsToUnit": 100,
    "pivot": {
      "x": 0.5,
      "y": 0.5
    },
    "meshType": 0
  }
}