{
  "__type__": "cc.SpriteFrame",
  "content": {
    "name": "Player_idel",
    "atlas": "",
    "rect": {
      "x": 10,
      "y": 5,
      "width": 141,
      "height": 24
    },
    "offset": {
      "x": 0.5,
      "y": -1
    },
    "originalSize": {
      "width": 160,
      "height": 32
    },
    "rotated": false,
    "capInsets": [
      0,
      0,
      128,
      0
    ],
    "vertices": {
      "rawPosition": [
        -70.5,
        -12,
        0,
        70.5,
        -12,
        0,
        -70.5,
        12,
        0,
        70.5,
        12,
        0
      ],
      "indexes": [
        0,
        1,
        2,
        2,
        1,
        3
      ],
      "uv": [
        10,
        27,
        151,
        27,
        10,
        3,
        151,
        3
      ],
      "nuv": [
        0.0625,
        0.09375,
        0.94375,
        0.09375,
        0.0625,
        0.84375,
        0.94375,
        0.84375
      ],
      "minPos": {
        "x": -70.5,
        "y": -12,
        "z": 0
      },
      "maxPos": {
        "x": 70.5,
        "y": 12,
        "z": 0
      }
    },
    "texture": "15e78c3b-e386-4089-a5c2-71ba5279ecea@6c48a",
    "packable": true,
    "pixelsToUnit": 100,
    "pivot": {
      "x": 0.5,
      "y": 0.5
    },
    "meshType": 0
  }
}