{
  "__type__": "cc.SpriteFrame",
  "content": {
    "name": "Player_death",
    "atlas": "",
    "rect": {
      "x": 10,
      "y": 0,
      "width": 295,
      "height": 31
    },
    "offset": {
      "x": -2.5,
      "y": 0.5
    },
    "originalSize": {
      "width": 320,
      "height": 32
    },
    "rotated": false,
    "capInsets": [
      0,
      0,
      0,
      0
    ],
    "vertices": {
      "rawPosition": [
        -147.5,
        -15.5,
        0,
        147.5,
        -15.5,
        0,
        -147.5,
        15.5,
        0,
        147.5,
        15.5,
        0
      ],
      "indexes": [
        0,
        1,
        2,
        2,
        1,
        3
      ],
      "uv": [
        10,
        32,
        305,
        32,
        10,
        1,
        305,
        1
      ],
      "nuv": [
        0.03125,
        0.03125,
        0.953125,
        0.03125,
        0.03125,
        1,
        0.953125,
        1
      ],
      "minPos": {
        "x": -147.5,
        "y": -15.5,
        "z": 0
      },
      "maxPos": {
        "x": 147.5,
        "y": 15.5,
        "z": 0
      }
    },
    "texture": "3bbc1aea-23c3-4f71-8203-9befc11b2f08@6c48a",
    "packable": true,
    "pixelsToUnit": 100,
    "pivot": {
      "x": 0.5,
      "y": 0.5
    },
    "meshType": 0
  }
}