{
  "__type__": "cc.SpriteFrame",
  "content": {
    "name": "Player_move",
    "atlas": "",
    "rect": {
      "x": 9,
      "y": 5,
      "width": 110,
      "height": 24
    },
    "offset": {
      "x": 0,
      "y": -1
    },
    "originalSize": {
      "width": 128,
      "height": 32
    },
    "rotated": false,
    "capInsets": [
      0,
      0,
      0,
      0
    ],
    "vertices": {
      "rawPosition": [
        -55,
        -12,
        0,
        55,
        -12,
        0,
        -55,
        12,
        0,
        55,
        12,
        0
      ],
      "indexes": [
        0,
        1,
        2,
        2,
        1,
        3
      ],
      "uv": [
        9,
        27,
        119,
        27,
        9,
        3,
        119,
        3
      ],
      "nuv": [
        0.0703125,
        0.09375,
        0.9296875,
        0.09375,
        0.0703125,
        0.84375,
        0.9296875,
        0.84375
      ],
      "minPos": {
        "x": -55,
        "y": -12,
        "z": 0
      },
      "maxPos": {
        "x": 55,
        "y": 12,
        "z": 0
      }
    },
    "texture": "74d6a377-37c2-45ee-a36e-4670be1e75fc@6c48a",
    "packable": true,
    "pixelsToUnit": 100,
    "pivot": {
      "x": 0.5,
      "y": 0.5
    },
    "meshType": 0
  }
}