{
  "__type__": "cc.SpriteFrame",
  "content": {
    "name": "Dusk Jumper throw_up",
    "atlas": "",
    "rect": {
      "x": 85,
      "y": 70,
      "width": 1558,
      "height": 36
    },
    "offset": {
      "x": 0,
      "y": 8
    },
    "originalSize": {
      "width": 1728,
      "height": 192
    },
    "rotated": false,
    "capInsets": [
      0,
      0,
      0,
      0
    ],
    "vertices": {
      "rawPosition": [
        -779,
        -18,
        0,
        779,
        -18,
        0,
        -779,
        18,
        0,
        779,
        18,
        0
      ],
      "indexes": [
        0,
        1,
        2,
        2,
        1,
        3
      ],
      "uv": [
        85,
        122,
        1643,
        122,
        85,
        86,
        1643,
        86
      ],
      "nuv": [
        0.04918981481481482,
        0.4479166666666667,
        0.9508101851851852,
        0.4479166666666667,
        0.04918981481481482,
        0.6354166666666666,
        0.9508101851851852,
        0.6354166666666666
      ],
      "minPos": {
        "x": -779,
        "y": -18,
        "z": 0
      },
      "maxPos": {
        "x": 779,
        "y": 18,
        "z": 0
      }
    },
    "texture": "293c1b14-363e-4819-8869-d674ecbd3760@6c48a",
    "packable": true,
    "pixelsToUnit": 100,
    "pivot": {
      "x": 0.5,
      "y": 0.5
    },
    "meshType": 0
  }
}