{
  "__type__": "cc.SpriteFrame",
  "content": {
    "name": "Dusk Jumper death",
    "atlas": "",
    "rect": {
      "x": 86,
      "y": 69,
      "width": 2315,
      "height": 45
    },
    "offset": {
      "x": -100.5,
      "y": 4.5
    },
    "originalSize": {
      "width": 2688,
      "height": 192
    },
    "rotated": false,
    "capInsets": [
      0,
      0,
      0,
      0
    ],
    "vertices": {
      "rawPosition": [
        -1157.5,
        -22.5,
        0,
        1157.5,
        -22.5,
        0,
        -1157.5,
        22.5,
        0,
        1157.5,
        22.5,
        0
      ],
      "indexes": [
        0,
        1,
        2,
        2,
        1,
        3
      ],
      "uv": [
        86,
        123,
        2401,
        123,
        86,
        78,
        2401,
        78
      ],
      "nuv": [
        0.031994047619047616,
        0.40625,
        0.8932291666666666,
        0.40625,
        0.031994047619047616,
        0.640625,
        0.8932291666666666,
        0.640625
      ],
      "minPos": {
        "x": -1157.5,
        "y": -22.5,
        "z": 0
      },
      "maxPos": {
        "x": 1157.5,
        "y": 22.5,
        "z": 0
      }
    },
    "texture": "24f20c08-7b0d-495d-b49d-52f6b96b9d7d@6c48a",
    "packable": true,
    "pixelsToUnit": 100,
    "pivot": {
      "x": 0.5,
      "y": 0.5
    },
    "meshType": 0
  }
}