{
  "__type__": "cc.SpriteFrame",
  "content": {
    "name": "2legs_run",
    "atlas": "",
    "rect": {
      "x": 21,
      "y": 18,
      "width": 341,
      "height": 23
    },
    "offset": {
      "x": -0.5,
      "y": 2.5
    },
    "originalSize": {
      "width": 384,
      "height": 64
    },
    "rotated": false,
    "capInsets": [
      0,
      0,
      0,
      0
    ],
    "vertices": {
      "rawPosition": [
        -170.5,
        -11.5,
        0,
        170.5,
        -11.5,
        0,
        -170.5,
        11.5,
        0,
        170.5,
        11.5,
        0
      ],
      "indexes": [
        0,
        1,
        2,
        2,
        1,
        3
      ],
      "uv": [
        21,
        46,
        362,
        46,
        21,
        23,
        362,
        23
      ],
      "nuv": [
        0.0546875,
        0.359375,
        0.9427083333333334,
        0.359375,
        0.0546875,
        0.71875,
        0.9427083333333334,
        0.71875
      ],
      "minPos": {
        "x": -170.5,
        "y": -11.5,
        "z": 0
      },
      "maxPos": {
        "x": 170.5,
        "y": 11.5,
        "z": 0
      }
    },
    "texture": "71e46c90-08b2-4cd0-940d-42625b59cc88@6c48a",
    "packable": true,
    "pixelsToUnit": 100,
    "pivot": {
      "x": 0.5,
      "y": 0.5
    },
    "meshType": 0
  }
}