{
  "__type__": "cc.SpriteFrame",
  "content": {
    "name": "4legs_run_up",
    "atlas": "",
    "rect": {
      "x": 24,
      "y": 29,
      "width": 335,
      "height": 12
    },
    "offset": {
      "x": -0.5,
      "y": -3
    },
    "originalSize": {
      "width": 384,
      "height": 64
    },
    "rotated": false,
    "capInsets": [
      0,
      0,
      0,
      0
    ],
    "vertices": {
      "rawPosition": [
        -167.5,
        -6,
        0,
        167.5,
        -6,
        0,
        -167.5,
        6,
        0,
        167.5,
        6,
        0
      ],
      "indexes": [
        0,
        1,
        2,
        2,
        1,
        3
      ],
      "uv": [
        24,
        35,
        359,
        35,
        24,
        23,
        359,
        23
      ],
      "nuv": [
        0.0625,
        0.359375,
        0.9348958333333334,
        0.359375,
        0.0625,
        0.546875,
        0.9348958333333334,
        0.546875
      ],
      "minPos": {
        "x": -167.5,
        "y": -6,
        "z": 0
      },
      "maxPos": {
        "x": 167.5,
        "y": 6,
        "z": 0
      }
    },
    "texture": "9e9224ac-285c-46d9-bab6-8964444dbaa6@6c48a",
    "packable": true,
    "pixelsToUnit": 100,
    "pivot": {
      "x": 0.5,
      "y": 0.5
    },
    "meshType": 0
  }
}