{
  "__type__": "cc.SpriteFrame",
  "content": {
    "name": "Dusk Jumper indicator",
    "atlas": "",
    "rect": {
      "x": 84,
      "y": 98,
      "width": 1555,
      "height": 10
    },
    "offset": {
      "x": -2.5,
      "y": -7
    },
    "originalSize": {
      "width": 1728,
      "height": 192
    },
    "rotated": false,
    "capInsets": [
      0,
      0,
      0,
      0
    ],
    "vertices": {
      "rawPosition": [
        -777.5,
        -5,
        0,
        777.5,
        -5,
        0,
        -777.5,
        5,
        0,
        777.5,
        5,
        0
      ],
      "indexes": [
        0,
        1,
        2,
        2,
        1,
        3
      ],
      "uv": [
        84,
        94,
        1639,
        94,
        84,
        84,
        1639,
        84
      ],
      "nuv": [
        0.04861111111111111,
        0.4375,
        0.9484953703703703,
        0.4375,
        0.04861111111111111,
        0.4895833333333333,
        0.9484953703703703,
        0.4895833333333333
      ],
      "minPos": {
        "x": -777.5,
        "y": -5,
        "z": 0
      },
      "maxPos": {
        "x": 777.5,
        "y": 5,
        "z": 0
      }
    },
    "texture": "87306d95-f9f1-435d-9d22-d5dff608629a@6c48a",
    "packable": true,
    "pixelsToUnit": 100,
    "pivot": {
      "x": 0.5,
      "y": 0.5
    },
    "meshType": 0
  }
}