{
  "__type__": "cc.SpriteFrame",
  "content": {
    "name": "Dusk Bomb",
    "atlas": "",
    "rect": {
      "x": 14,
      "y": 24,
      "width": 38,
      "height": 2
    },
    "offset": {
      "x": 1,
      "y": -6.5
    },
    "originalSize": {
      "width": 64,
      "height": 37
    },
    "rotated": false,
    "capInsets": [
      0,
      0,
      0,
      0
    ],
    "vertices": {
      "rawPosition": [
        -19,
        -1,
        0,
        19,
        -1,
        0,
        -19,
        1,
        0,
        19,
        1,
        0
      ],
      "indexes": [
        0,
        1,
        2,
        2,
        1,
        3
      ],
      "uv": [
        14,
        13,
        52,
        13,
        14,
        11,
        52,
        11
      ],
      "nuv": [
        0.21875,
        0.2972972972972973,
        0.8125,
        0.2972972972972973,
        0.21875,
        0.35135135135135137,
        0.8125,
        0.35135135135135137
      ],
      "minPos": {
        "x": -19,
        "y": -1,
        "z": 0
      },
      "maxPos": {
        "x": 19,
        "y": 1,
        "z": 0
      }
    },
    "texture": "ea232b21-9fd0-45d9-b046-8463cafe1565@6c48a",
    "packable": true,
    "pixelsToUnit": 100,
    "pivot": {
      "x": 0.5,
      "y": 0.5
    },
    "meshType": 0
  }
}