{
  "__type__": "cc.SpriteFrame",
  "content": {
    "name": "Dusk Jumper slam",
    "atlas": "",
    "rect": {
      "x": 93,
      "y": 23,
      "width": 1779,
      "height": 114
    },
    "offset": {
      "x": 22.5,
      "y": 16
    },
    "originalSize": {
      "width": 1920,
      "height": 192
    },
    "rotated": false,
    "capInsets": [
      0,
      0,
      0,
      0
    ],
    "vertices": {
      "rawPosition": [
        -889.5,
        -57,
        0,
        889.5,
        -57,
        0,
        -889.5,
        57,
        0,
        889.5,
        57,
        0
      ],
      "indexes": [
        0,
        1,
        2,
        2,
        1,
        3
      ],
      "uv": [
        93,
        169,
        1872,
        169,
        93,
        55,
        1872,
        55
      ],
      "nuv": [
        0.0484375,
        0.2864583333333333,
        0.975,
        0.2864583333333333,
        0.0484375,
        0.8802083333333334,
        0.975,
        0.8802083333333334
      ],
      "minPos": {
        "x": -889.5,
        "y": -57,
        "z": 0
      },
      "maxPos": {
        "x": 889.5,
        "y": 57,
        "z": 0
      }
    },
    "texture": "63c95935-c1df-4f24-9faf-9ee9d9d9fa77@6c48a",
    "packable": true,
    "pixelsToUnit": 100,
    "pivot": {
      "x": 0.5,
      "y": 0.5
    },
    "meshType": 0
  }
}