{
  "__type__": "cc.SpriteFrame",
  "content": {
    "name": "Player_hit",
    "atlas": "",
    "rect": {
      "x": 9,
      "y": 8,
      "width": 46,
      "height": 21
    },
    "offset": {
      "x": 0,
      "y": -2.5
    },
    "originalSize": {
      "width": 64,
      "height": 32
    },
    "rotated": false,
    "capInsets": [
      0,
      0,
      0,
      0
    ],
    "vertices": {
      "rawPosition": [
        -23,
        -10.5,
        0,
        23,
        -10.5,
        0,
        -23,
        10.5,
        0,
        23,
        10.5,
        0
      ],
      "indexes": [
        0,
        1,
        2,
        2,
        1,
        3
      ],
      "uv": [
        9,
        24,
        55,
        24,
        9,
        3,
        55,
        3
      ],
      "nuv": [
        0.140625,
        0.09375,
        0.859375,
        0.09375,
        0.140625,
        0.75,
        0.859375,
        0.75
      ],
      "minPos": {
        "x": -23,
        "y": -10.5,
        "z": 0
      },
      "maxPos": {
        "x": 23,
        "y": 10.5,
        "z": 0
      }
    },
    "texture": "88081e1f-331a-4d10-b218-08738847169d@6c48a",
    "packable": true,
    "pixelsToUnit": 100,
    "pivot": {
      "x": 0.5,
      "y": 0.5
    },
    "meshType": 0
  }
}