{
  "__type__": "cc.SpriteFrame",
  "content": {
    "name": "Dusk Jumper idle_up",
    "atlas": "",
    "rect": {
      "x": 85,
      "y": 75,
      "width": 2134,
      "height": 31
    },
    "offset": {
      "x": 0,
      "y": 5.5
    },
    "originalSize": {
      "width": 2304,
      "height": 192
    },
    "rotated": false,
    "capInsets": [
      0,
      0,
      0,
      0
    ],
    "vertices": {
      "rawPosition": [
        -1067,
        -15.5,
        0,
        1067,
        -15.5,
        0,
        -1067,
        15.5,
        0,
        1067,
        15.5,
        0
      ],
      "indexes": [
        0,
        1,
        2,
        2,
        1,
        3
      ],
      "uv": [
        85,
        117,
        2219,
        117,
        85,
        86,
        2219,
        86
      ],
      "nuv": [
        0.03689236111111111,
        0.4479166666666667,
        0.9631076388888888,
        0.4479166666666667,
        0.03689236111111111,
        0.609375,
        0.9631076388888888,
        0.609375
      ],
      "minPos": {
        "x": -1067,
        "y": -15.5,
        "z": 0
      },
      "maxPos": {
        "x": 1067,
        "y": 15.5,
        "z": 0
      }
    },
    "texture": "1bd1d994-4da1-49db-b1b3-62bd5bb4ee37@6c48a",
    "packable": true,
    "pixelsToUnit": 100,
    "pivot": {
      "x": 0.5,
      "y": 0.5
    },
    "meshType": 0
  }
}