{
  "__type__": "cc.SpriteFrame",
  "content": {
    "name": "2legs_death",
    "atlas": "",
    "rect": {
      "x": 14,
      "y": 15,
      "width": 485,
      "height": 26
    },
    "offset": {
      "x": -31.5,
      "y": 4
    },
    "originalSize": {
      "width": 576,
      "height": 64
    },
    "rotated": false,
    "capInsets": [
      0,
      0,
      0,
      0
    ],
    "vertices": {
      "rawPosition": [
        -242.5,
        -13,
        0,
        242.5,
        -13,
        0,
        -242.5,
        13,
        0,
        242.5,
        13,
        0
      ],
      "indexes": [
        0,
        1,
        2,
        2,
        1,
        3
      ],
      "uv": [
        14,
        49,
        499,
        49,
        14,
        23,
        499,
        23
      ],
      "nuv": [
        0.024305555555555556,
        0.359375,
        0.8663194444444444,
        0.359375,
        0.024305555555555556,
        0.765625,
        0.8663194444444444,
        0.765625
      ],
      "minPos": {
        "x": -242.5,
        "y": -13,
        "z": 0
      },
      "maxPos": {
        "x": 242.5,
        "y": 13,
        "z": 0
      }
    },
    "texture": "8bfdb586-a06e-49fa-9076-dc3e35b61733@6c48a",
    "packable": true,
    "pixelsToUnit": 100,
    "pivot": {
      "x": 0.5,
      "y": 0.5
    },
    "meshType": 0
  }
}