{
  "__type__": "cc.SpriteFrame",
  "content": {
    "name": "4legs_run_death",
    "atlas": "",
    "rect": {
      "x": 24,
      "y": 26,
      "width": 467,
      "height": 15
    },
    "offset": {
      "x": -158.5,
      "y": -1.5
    },
    "originalSize": {
      "width": 832,
      "height": 64
    },
    "rotated": false,
    "capInsets": [
      0,
      0,
      0,
      0
    ],
    "vertices": {
      "rawPosition": [
        -233.5,
        -7.5,
        0,
        233.5,
        -7.5,
        0,
        -233.5,
        7.5,
        0,
        233.5,
        7.5,
        0
      ],
      "indexes": [
        0,
        1,
        2,
        2,
        1,
        3
      ],
      "uv": [
        24,
        38,
        491,
        38,
        24,
        23,
        491,
        23
      ],
      "nuv": [
        0.028846153846153848,
        0.359375,
        0.5901442307692307,
        0.359375,
        0.028846153846153848,
        0.59375,
        0.5901442307692307,
        0.59375
      ],
      "minPos": {
        "x": -233.5,
        "y": -7.5,
        "z": 0
      },
      "maxPos": {
        "x": 233.5,
        "y": 7.5,
        "z": 0
      }
    },
    "texture": "920ad19e-ab19-4189-9375-22e10cf52331@6c48a",
    "packable": true,
    "pixelsToUnit": 100,
    "pivot": {
      "x": 0.5,
      "y": 0.5
    },
    "meshType": 0
  }
}